<?xml version="1.0" encoding="UTF-8"?>
<GenRun Id="impl_1" LaunchPart="xc7a100tcsg324-1" LaunchTime="1733072188">
  <File Type="WBT-USG" Name="usage_statistics_webtalk.html"/>
  <File Type="BG-DRC" Name="digital_lock_top.drc"/>
  <File Type="BG-BGN" Name="digital_lock_top.bgn"/>
  <File Type="BITSTR-SYSDEF" Name="digital_lock_top.sysdef"/>
  <File Type="BITSTR-LTX" Name="debug_nets.ltx"/>
  <File Type="BITSTR-LTX" Name="digital_lock_top.ltx"/>
  <File Type="BITSTR-MMI" Name="digital_lock_top.mmi"/>
  <File Type="BITSTR-BMM" Name="digital_lock_top_bd.bmm"/>
  <File Type="BITSTR-NKY" Name="digital_lock_top.nky"/>
  <File Type="BITSTR-RBT" Name="digital_lock_top.rbt"/>
  <File Type="BITSTR-MSK" Name="digital_lock_top.msk"/>
  <File Type="BG-BIN" Name="digital_lock_top.bin"/>
  <File Type="BG-BIT" Name="digital_lock_top.bit"/>
  <File Type="POSTROUTE-PHYSOPT-BUS-SKEW-RPX" Name="digital_lock_top_bus_skew_postroute_physopted.rpx"/>
  <File Type="POSTROUTE-PHYSOPT-BUS-SKEW-PB" Name="digital_lock_top_bus_skew_postroute_physopted.pb"/>
  <File Type="POSTROUTE-PHYSOPT-BUS-SKEW" Name="digital_lock_top_bus_skew_postroute_physopted.rpt"/>
  <File Type="RDI-RDI" Name="digital_lock_top.vdi"/>
  <File Type="POSTROUTE-PHYSOPT-TIMING-RPX" Name="digital_lock_top_timing_summary_postroute_physopted.rpx"/>
  <File Type="POSTROUTE-PHYSOPT-TIMING-PB" Name="digital_lock_top_timing_summary_postroute_physopted.pb"/>
  <File Type="POSTROUTE-PHYSOPT-TIMING" Name="digital_lock_top_timing_summary_postroute_physopted.rpt"/>
  <File Type="POSTROUTE-PHYSOPT-BLACKBOX-DCP" Name="digital_lock_top_postroute_physopt_bb.dcp"/>
  <File Type="POSTROUTE-PHYSOPT-DCP" Name="digital_lock_top_postroute_physopt.dcp"/>
  <File Type="ROUTE-BUS-SKEW" Name="digital_lock_top_bus_skew_routed.rpt"/>
  <File Type="ROUTE-CLK" Name="digital_lock_top_clock_utilization_routed.rpt"/>
  <File Type="ROUTE-SIMILARITY" Name="digital_lock_top_incremental_reuse_routed.rpt"/>
  <File Type="ROUTE-TIMING-RPX" Name="digital_lock_top_timing_summary_routed.rpx"/>
  <File Type="ROUTE-TIMING-PB" Name="digital_lock_top_timing_summary_routed.pb"/>
  <File Type="ROUTE-TIMINGSUMMARY" Name="digital_lock_top_timing_summary_routed.rpt"/>
  <File Type="ROUTE-STATUS-PB" Name="digital_lock_top_route_status.pb"/>
  <File Type="ROUTE-STATUS" Name="digital_lock_top_route_status.rpt"/>
  <File Type="ROUTE-PWR-RPX" Name="digital_lock_top_power_routed.rpx"/>
  <File Type="ROUTE-PWR-SUM" Name="digital_lock_top_power_summary_routed.pb"/>
  <File Type="ROUTE-PWR" Name="digital_lock_top_power_routed.rpt"/>
  <File Type="ROUTE-METHODOLOGY-DRC-PB" Name="digital_lock_top_methodology_drc_routed.pb"/>
  <File Type="ROUTE-METHODOLOGY-DRC-RPX" Name="digital_lock_top_methodology_drc_routed.rpx"/>
  <File Type="ROUTE-METHODOLOGY-DRC" Name="digital_lock_top_methodology_drc_routed.rpt"/>
  <File Type="ROUTE-DRC-RPX" Name="digital_lock_top_drc_routed.rpx"/>
  <File Type="ROUTE-DRC-PB" Name="digital_lock_top_drc_routed.pb"/>
  <File Type="ROUTE-DRC" Name="digital_lock_top_drc_routed.rpt"/>
  <File Type="ROUTE-BLACKBOX-DCP" Name="digital_lock_top_routed_bb.dcp"/>
  <File Type="ROUTE-DCP" Name="digital_lock_top_routed.dcp"/>
  <File Type="ROUTE-ERROR-DCP" Name="digital_lock_top_routed_error.dcp"/>
  <File Type="PHYSOPT-TIMING" Name="digital_lock_top_timing_summary_physopted.rpt"/>
  <File Type="PHYSOPT-DRC" Name="digital_lock_top_drc_physopted.rpt"/>
  <File Type="PHYSOPT-DCP" Name="digital_lock_top_physopt.dcp"/>
  <File Type="POSTPLACE-PWROPT-TIMING" Name="digital_lock_top_timing_summary_postplace_pwropted.rpt"/>
  <File Type="POSTPLACE-PWROPT-DCP" Name="digital_lock_top_postplace_pwropt.dcp"/>
  <File Type="PLACE-TIMING" Name="digital_lock_top_timing_summary_placed.rpt"/>
  <File Type="PLACE-PRE-SIMILARITY" Name="digital_lock_top_incremental_reuse_pre_placed.rpt"/>
  <File Type="PLACE-SIMILARITY" Name="digital_lock_top_incremental_reuse_placed.rpt"/>
  <File Type="PLACE-CTRL" Name="digital_lock_top_control_sets_placed.rpt"/>
  <File Type="PLACE-UTIL-PB" Name="digital_lock_top_utilization_placed.pb"/>
  <File Type="PLACE-UTIL" Name="digital_lock_top_utilization_placed.rpt"/>
  <File Type="PLACE-CLK" Name="digital_lock_top_clock_utilization_placed.rpt"/>
  <File Type="PLACE-IO" Name="digital_lock_top_io_placed.rpt"/>
  <File Type="PLACE-DCP" Name="digital_lock_top_placed.dcp"/>
  <File Type="PWROPT-TIMING" Name="digital_lock_top_timing_summary_pwropted.rpt"/>
  <File Type="PWROPT-DRC" Name="digital_lock_top_drc_pwropted.rpt"/>
  <File Type="PWROPT-DCP" Name="digital_lock_top_pwropt.dcp"/>
  <File Type="OPT-TIMING" Name="digital_lock_top_timing_summary_opted.rpt"/>
  <File Type="OPT-HWDEF" Name="digital_lock_top.hwdef"/>
  <File Type="OPT-METHODOLOGY-DRC" Name="digital_lock_top_methodology_drc_opted.rpt"/>
  <File Type="OPT-DRC" Name="digital_lock_top_drc_opted.rpt"/>
  <File Type="OPT-DCP" Name="digital_lock_top_opt.dcp"/>
  <File Type="INIT-TIMING" Name="digital_lock_top_timing_summary_init.rpt"/>
  <File Type="ROUTE-BUS-SKEW-RPX" Name="digital_lock_top_bus_skew_routed.rpx"/>
  <File Type="REPORTS-TCL" Name="digital_lock_top_reports.tcl"/>
  <File Type="ROUTE-BUS-SKEW-PB" Name="digital_lock_top_bus_skew_routed.pb"/>
  <File Type="PA-TCL" Name="digital_lock_top.tcl"/>
  <FileSet Name="sources" Type="DesignSrcs" RelSrcDir="$PSRCDIR/sources_1">
    <Filter Type="Srcs"/>
    <File Path="$PSRCDIR/sources_1/imports/FPGA programming files/counter_n_bit.sv">
      <FileInfo>
        <Attr Name="ImportPath" Val="$PPRDIR/../../FPGA programming files/counter_n_bit.sv"/>
        <Attr Name="ImportTime" Val="1731075515"/>
        <Attr Name="UsedIn" Val="synthesis"/>
        <Attr Name="UsedIn" Val="implementation"/>
        <Attr Name="UsedIn" Val="simulation"/>
      </FileInfo>
    </File>
    <File Path="$PSRCDIR/sources_1/imports/d_FF_srcs/d_flipflop.sv">
      <FileInfo>
        <Attr Name="ImportPath" Val="$PPRDIR/../../Lab4/d_FF/d_FF_srcs/d_flipflop.sv"/>
        <Attr Name="ImportTime" Val="1732111915"/>
        <Attr Name="UsedIn" Val="synthesis"/>
        <Attr Name="UsedIn" Val="implementation"/>
        <Attr Name="UsedIn" Val="simulation"/>
      </FileInfo>
    </File>
    <File Path="$PSRCDIR/sources_1/imports/FPGA programming files/decoder.sv">
      <FileInfo>
        <Attr Name="ImportPath" Val="$PPRDIR/../../FPGA programming files/decoder.sv"/>
        <Attr Name="ImportTime" Val="1731076163"/>
        <Attr Name="UsedIn" Val="synthesis"/>
        <Attr Name="UsedIn" Val="implementation"/>
        <Attr Name="UsedIn" Val="simulation"/>
      </FileInfo>
    </File>
    <File Path="$PSRCDIR/sources_1/new/digital_lock.sv">
      <FileInfo>
        <Attr Name="UsedIn" Val="synthesis"/>
        <Attr Name="UsedIn" Val="implementation"/>
        <Attr Name="UsedIn" Val="simulation"/>
      </FileInfo>
    </File>
    <File Path="$PSRCDIR/sources_1/imports/counter_srcs/nbit_counter.sv">
      <FileInfo>
        <Attr Name="ImportPath" Val="$PPRDIR/../../Lab4/counter/counter_srcs/nbit_counter.sv"/>
        <Attr Name="ImportTime" Val="1732021403"/>
        <Attr Name="UsedIn" Val="synthesis"/>
        <Attr Name="UsedIn" Val="implementation"/>
        <Attr Name="UsedIn" Val="simulation"/>
      </FileInfo>
    </File>
    <File Path="$PSRCDIR/sources_1/imports/Task3_nbit/register_nbit.sv">
      <FileInfo>
        <Attr Name="ImportPath" Val="$PPRDIR/../../Lab4/Task3_nbit/register_nbit.sv"/>
        <Attr Name="ImportTime" Val="1731935489"/>
        <Attr Name="UsedIn" Val="synthesis"/>
        <Attr Name="UsedIn" Val="implementation"/>
        <Attr Name="UsedIn" Val="simulation"/>
      </FileInfo>
    </File>
    <File Path="$PSRCDIR/sources_1/imports/FPGA programming files/sev_seg_controller.sv">
      <FileInfo>
        <Attr Name="ImportPath" Val="$PPRDIR/../../FPGA programming files/sev_seg_controller.sv"/>
        <Attr Name="ImportTime" Val="1732019699"/>
        <Attr Name="UsedIn" Val="synthesis"/>
        <Attr Name="UsedIn" Val="implementation"/>
        <Attr Name="UsedIn" Val="simulation"/>
      </FileInfo>
    </File>
    <File Path="$PSRCDIR/sources_1/imports/FPGA programming files/sev_seg_decoder.sv">
      <FileInfo>
        <Attr Name="ImportPath" Val="$PPRDIR/../../FPGA programming files/sev_seg_decoder.sv"/>
        <Attr Name="ImportTime" Val="1731509039"/>
        <Attr Name="UsedIn" Val="synthesis"/>
        <Attr Name="UsedIn" Val="implementation"/>
        <Attr Name="UsedIn" Val="simulation"/>
      </FileInfo>
    </File>
    <File Path="$PSRCDIR/sources_1/imports/FPGA programming files/sev_seg.sv">
      <FileInfo>
        <Attr Name="ImportPath" Val="$PPRDIR/../../FPGA programming files/sev_seg.sv"/>
        <Attr Name="ImportTime" Val="1732019901"/>
        <Attr Name="UsedIn" Val="synthesis"/>
        <Attr Name="UsedIn" Val="implementation"/>
        <Attr Name="UsedIn" Val="simulation"/>
      </FileInfo>
    </File>
    <Config>
      <Option Name="DesignMode" Val="RTL"/>
      <Option Name="TopModule" Val="digital_lock_top"/>
      <Option Name="TopAutoSet" Val="TRUE"/>
    </Config>
  </FileSet>
  <FileSet Name="constrs_in" Type="Constrs" RelSrcDir="$PSRCDIR/constrs_1">
    <Filter Type="Constrs"/>
    <File Path="$PSRCDIR/constrs_1/imports/FPGA programming files/pin-assignment.xdc">
      <FileInfo>
        <Attr Name="ImportPath" Val="$PPRDIR/../../FPGA programming files/pin-assignment.xdc"/>
        <Attr Name="ImportTime" Val="1732020421"/>
        <Attr Name="UsedIn" Val="synthesis"/>
        <Attr Name="UsedIn" Val="implementation"/>
      </FileInfo>
    </File>
    <Config>
      <Option Name="ConstrsType" Val="XDC"/>
    </Config>
  </FileSet>
  <FileSet Name="utils" Type="Utils" RelSrcDir="$PSRCDIR/utils_1">
    <Filter Type="Utils"/>
    <Config>
      <Option Name="TopAutoSet" Val="TRUE"/>
    </Config>
  </FileSet>
  <Strategy Version="1" Minor="2">
    <StratHandle Name="Vivado Implementation Defaults" Flow="Vivado Implementation 2019">
      <Desc>Default settings for Implementation.</Desc>
    </StratHandle>
    <Step Id="init_design"/>
    <Step Id="opt_design"/>
    <Step Id="power_opt_design"/>
    <Step Id="place_design"/>
    <Step Id="post_place_power_opt_design"/>
    <Step Id="phys_opt_design"/>
    <Step Id="route_design"/>
    <Step Id="post_route_phys_opt_design"/>
    <Step Id="write_bitstream"/>
  </Strategy>
</GenRun>
